{
    "NIN-90-4500SO-GG":
    {
        "volume": 0.00147484,
        "pressure": 3.1026e+7,
        "tank_mass": 1.49,
        "reg_min": 2.068e+6,
        "reg_max": 5.516e+6,
        "reg_out": 2.068e+6,
        "temp": 298.15
    },

    "NIN-NINJAGREY68D":
    {
        "volume": 0.00111432,
        "pressure": 3.1026e+7,
        "tank_mass": 1.36,
        "reg_min": 2.068e+6,
        "reg_max": 5.516e+6,
        "reg_out": 2.068e+6,
        "temp": 298.15
    },

    "NIN-NINJAGREY50D":
    {
        "volume": 0.00081935,
        "pressure": 3.1026e+7,
        "tank_mass": 1.04,
        "reg_min": 2.068e+6,
        "reg_max": 5.516e+6,
        "reg_out": 2.068e+6,
        "temp": 298.15
    }
}